{"stats":{"minecraft:mined":{"minecraft:large_fern":2,"minecraft:grass":15,"minecraft:grass_block":3,"minecraft:coal_ore":2,"minecraft:dirt":10,"minecraft:cobblestone":1,"minecraft:stone":19,"biomesoplenty:willow_log":8,"minecraft:fern":17,"biomesoplenty:willow_planks":3},"minecraft:crafted":{"born_in_chaos_v1:spiny_shell_armor_helmet":1,"minecraft:shield":2,"minecraft:crafting_table":1,"minecraft:stick":8,"minecraft:wooden_pickaxe":1,"minecraft:stone_pickaxe":1,"minecraft:torch":8,"biomesoplenty:willow_planks":32},"minecraft:custom":{"minecraft:time_since_rest":19694,"minecraft:sprint_one_cm":24620,"minecraft:damage_taken":1171,"minecraft:walk_one_cm":47249,"minecraft:mob_kills":10,"minecraft:drop":4,"minecraft:damage_dealt":2136,"minecraft:interact_with_crafting_table":5,"minecraft:fly_one_cm":48390,"minecraft:crouch_one_cm":1243,"minecraft:play_time":19694,"minecraft:sneak_time":966,"minecraft:jump":407,"minecraft:leave_game":2,"minecraft:time_since_death":19694,"minecraft:total_world_time":19694,"minecraft:fall_one_cm":9896},"minecraft:used":{"minecraft:cooked_mutton":12,"soul_like_armors_reworked:dagger":116,"minecraft:stone_pickaxe":19,"biomesoplenty:willow_planks":3,"minecraft:wooden_pickaxe":3,"minecraft:iron_boots":1,"soul_like_armors_reworked:estusflask":5,"minecraft:torch":1,"minecraft:dirt":4,"minecraft:cobblestone":9,"minecraft:crafting_table":1},"minecraft:dropped":{"minecraft:shield":1,"minecraft:wooden_pickaxe":1,"minecraft:cooked_mutton":64,"soul_like_armors_reworked:dark_knight_boots":1},"minecraft:picked_up":{"minecraft:stick":1,"minecraft:salmon":1,"minecraft:wooden_pickaxe":1,"vampirism:stake":1,"soul_like_armors_reworked:darkknightsword":1,"minecraft:porkchop":1,"grimoireofgaia:box_iron":1,"minecraft:string":1,"minecraft:dirt":11,"soul_like_armors_reworked:estusflask":2,"soul_like_armors_reworked:dark_knight_boots":1,"minecraft:bone":2,"minecraft:arrow":2,"soul_like_armors_reworked:dark_knight_chestplate":1,"minecraft:rotten_flesh":2,"biomesoplenty:willow_log":8,"biomesoplenty:willow_planks":3,"minecraft:wheat_seeds":8,"born_in_chaos_v1:spiny_shell":5,"minecraft:iron_nugget":2,"born_in_chaos_v1:rotten_fish":2,"minecraft:coal":2,"minecraft:cobblestone":19},"minecraft:killed":{"minecraft:skeleton":2,"minecraft:zombie":2,"minecraft:pig":1,"grimoireofgaia:siren":1,"minecraft:spider":2,"born_in_chaos_v1:thornshell_crab":1,"grimoireofgaia:cobble_golem":1}},"DataVersion":3465}