{"stats":{"minecraft:mined":{"minecraft:crafting_table":1,"minecraft:grass":7,"minecraft:grass_block":1,"minecraft:oak_log":6,"minecraft:dirt":8,"minecraft:stone":24,"minecraft:oak_leaves":1,"minecraft:sandstone":1,"minecraft:fern":7},"minecraft:crafted":{"minecraft:oak_planks":24,"minecraft:crafting_table":1,"minecraft:stick":16,"minecraft:wooden_pickaxe":1,"minecraft:stone_pickaxe":1,"minecraft:wooden_axe":1,"vampirism:stake":2},"minecraft:custom":{"minecraft:time_since_rest":5456,"minecraft:sprint_one_cm":5681,"minecraft:damage_taken":830,"minecraft:walk_one_cm":78252,"minecraft:mob_kills":1,"minecraft:drop":1,"minecraft:damage_dealt":636,"minecraft:interact_with_crafting_table":2,"minecraft:fly_one_cm":4074,"minecraft:play_time":19102,"minecraft:deaths":1,"minecraft:jump":226,"minecraft:time_since_death":5150,"minecraft:walk_on_water_one_cm":1060,"minecraft:total_world_time":19102,"minecraft:fall_one_cm":4597},"minecraft:killed_by":{"minecraft:zombie":1},"minecraft:used":{"minecraft:cooked_mutton":2,"minecraft:wooden_axe":1,"soul_like_armors_reworked:dagger":53,"minecraft:wooden_pickaxe":25,"soul_like_armors_reworked:estusflask":3,"minecraft:crafting_table":2},"minecraft:dropped":{"minecraft:stone_pickaxe":1},"minecraft:picked_up":{"minecraft:wooden_axe":1,"minecraft:stick":8,"minecraft:crafting_table":2,"minecraft:sandstone":2,"vampirism:stake":1,"minecraft:oak_log":6,"minecraft:shield":1,"minecraft:dirt":10,"minecraft:string":4,"soul_like_armors_reworked:estusflask":2,"minecraft:cooked_mutton":126,"soul_like_armors_reworked:dark_knight_boots":1,"minecraft:wheat_seeds":4,"minecraft:stone_pickaxe":1,"soul_like_armors_reworked:dagger":1,"minecraft:oak_sapling":2,"born_in_chaos_v1:rotten_fish":2,"minecraft:oak_planks":4,"minecraft:cobblestone":49},"minecraft:killed":{"born_in_chaos_v1:thornshell_crab":1}},"DataVersion":3465}